{
    "width": 68.43748474121094,
    "height": 59.3124885559082,
    "offsetHorizontal": -34.21874237060547,
    "offsetVertical": 29.6562442779541,
    "viewDirection": 0,
    "axisHorizontal": "x",
    "axisVertical": "z",
    "reverseHorizontal": false,
    "reverseVertical": false
}