{
    "width": 71.30020904541016,
    "height": 71.84964752197266,
    "offsetHorizontal": -35.8451042175293,
    "offsetVertical": 35.92482376098633,
    "viewDirection": 0,
    "axisHorizontal": "x",
    "axisVertical": "z",
    "reverseHorizontal": false,
    "reverseVertical": false
}